"MONTH	Rate Code	Market Code	A	Association	HOUSE	House Account	 0	 0.00	 0.00	 0.00%	 0	 0	 0.00	 0.00	 0.00%	 0	 0	 0.00	 0.00%	 0	 2","424.49	 1",348,"718.33	 15407	 0	 0.00	 0.00	 0.00%	 0	 0	 0.00	 0.00	 0.00%	 0	 9774	 137.99	 6.96%	",,,,,
"MONTH	Rate Code	Market Code	A	Association	INCMP	Complimentary	 0	 0.00	 0.00	 0.00%	 0	 0	 0.00	 0.00	 0.00%	 0	 9	 0.00	 0.01%	 10	 0.00	 1",348,"718.33	 15407	 0	 0.00	 0.00	 0.00%	 0	 0	 0.00	 0.00	 0.00%	 0	 9774	 137.99	 6.96%	",,,,,,
"MONTH	Rate Code	Market Code	A	Association	No Code		 0	 0.00	 0.00	 0.00%	 0	 0	 0.00	 0.00	 0.00%	 0	 9765	 137.87	 6.95%	 15397	 1",346,"293.84	 1",348,"718.33	 15407	 0	 0.00	 0.00	 0.00%	 0	 0	 0.00	 0.00	 0.00%	 0	 9774	 137.99	 6.96%	",,,,
"MONTH	Rate Code	Market Code	B	Corp-Packages	IBGP1	Easy Group	 0	 0.00	 0.00	 0.00%	 0	 0	 0.00	 0.00	 0.00%	 0	 1	 119.00	 0.00%	 1	 119.00	 119.00	 1	 0	 0.00	 0.00	 0.00%	 0	 0	 0.00	 0.00	 0.00%	 0	 1	 119.00	 0.00%	",,,,,,,,
"MONTH	Rate Code	Market Code	C	Corporate Group	GZGRP	Default Group Rate Code	 0	- 13.00	 0.00	 0.00%	 0	 1	 99.00	 99.00	 0.01%	 2	 1	 99.00	 0.00%	 2	 99.00	 1",450,"124.69	 18575	 203	 22","470.40	 110.69	 52.73%	 521	 1273	 139","999.60	 109.98	 10.67%	 3291	 12415	 116.80	 8.83%	",,,,
"MONTH	Rate Code	Market Code	C	Corporate Group	HOUSE	House Account	 0	 0.00	 0.00	 0.00%	 0	 0	 203.20	 0.00	 0.00%	 0	 0	 0.00	 0.00%	 0	 4","064.19	 1",450,"124.69	 18575	 203	 22","470.40	 110.69	 52.73%	 521	 1273	 139","999.60	 109.98	 10.67%	 3291	 12415	 116.80	 8.83%	",,,
"MONTH	Rate Code	Market Code	C	Corporate Group	IGCOR	Best Flexible Rate	 0	 0.00	 0.00	 0.00%	 0	 0	 0.00	 0.00	 0.00%	 0	 4	 112.00	 0.00%	 8	 448.00	 1",450,"124.69	 18575	 203	 22","470.40	 110.69	 52.73%	 521	 1273	 139","999.60	 109.98	 10.67%	 3291	 12415	 116.80	 8.83%	",,,,
"MONTH	Rate Code	Market Code	C	Corporate Group	ILD4W	Sizewise Rentals	 0	 0.00	 0.00	 0.00%	 0	 0	 0.00	 0.00	 0.00%	 0	 1	 139.00	 0.00%	 1	 139.00	 1",450,"124.69	 18575	 203	 22","470.40	 110.69	 52.73%	 521	 1273	 139","999.60	 109.98	 10.67%	 3291	 12415	 116.80	 8.83%	",,,,
"MONTH	Rate Code	Market Code	C	Corporate Group	ILXDJ	Cerner Corp	 0	 0.00	 0.00	 0.00%	 0	 0	 0.00	 0.00	 0.00%	 0	 6	 109.00	 0.00%	 6	 654.00	 1",450,"124.69	 18575	 203	 22","470.40	 110.69	 52.73%	 521	 1273	 139","999.60	 109.98	 10.67%	 3291	 12415	 116.80	 8.83%	",,,,
"MONTH	Rate Code	Market Code	C	Corporate Group	INCMP	Complimentary	 0	 0.00	 0.00	 0.00%	 0	 0	 0.00	 0.00	 0.00%	 0	 8	 0.00	 0.01%	 16	 0.00	 1",450,"124.69	 18575	 203	 22","470.40	 110.69	 52.73%	 521	 1273	 139","999.60	 109.98	 10.67%	 3291	 12415	 116.80	 8.83%	",,,,
"MONTH	Rate Code	Market Code	C	Corporate Group	No Code		 203	 22","483.40	 110.76	 52.73%	 521	 1272	 139","697.40	 109.83	 10.66%	 3289	 12395	 116.56	 8.82%	 18542	 1",444,"720.50	 1",450,"124.69	 18575	 203	 22","470.40	 110.69	 52.73%	 521	 1273	 139","999.60	 109.98	 10.67%	 3291	 12415	 116.80	 8.83%	"
"MONTH	Rate Code	Market Code	D	Discount	HOUSE	House Account	 0	 0.00	 0.00	 0.00%	 0	 0	- 110.00	 0.00	 0.00%	 0	 0	 0.00	 0.00%	 0	- 1","083.25	",,,,,,,
"MONTH	Rate Code	Market Code	D	Discount	IDA00	Tpi 00p Alternate	 0	 0.00	 0.00	 0.00%	 0	 0	 0.00	 0.00	 0.00%	 0	 15	 111.30	 0.01%	 27	 1","669.50	",,,,,,,
"MONTH	Rate Code	Market Code	D	Discount	IDA0G	Tpi 00p Alt Gst Cc	 0	 0.00	 0.00	 0.00%	 0	 0	 0.00	 0.00	 0.00%	 0	 74	 115.08	 0.05%	 146	 8","516.20	",,,,,,,
"MONTH	Rate Code	Market Code	D	Discount	IDA15	Tpi Alternate	 0	 0.00	 0.00	 0.00%	 0	 0	 0.00	 0.00	 0.00%	 0	 237	 94.95	 0.17%	 510	 22","503.24	",,,,,,,
"MONTH	Rate Code	Market Code	D	Discount	IDAAA	Aaa Membership Rate	 2	 504.00	 252.00	 0.52%	 3	 46	 7","674.50	 166.84	 0.39%	 90	 1054	 171.52	 0.75%	 1995	 180","785.89	",,,,,,
"MONTH	Rate Code	Market Code	D	Discount	IDARP	Senior Discount	 0	 0.00	 0.00	 0.00%	 0	 11	 2","022.00	 183.82	 0.09%	 16	 196	 170.30	 0.14%	 382	 33","378.54	",,,,,,
"MONTH	Rate Code	Market Code	D	Discount	IDAV5	Advanced Purchase	 0	 0.00	 0.00	 0.00%	 0	 0	 0.00	 0.00	 0.00%	 0	 19	 168.37	 0.01%	 51	 3","199.00	",,,,,,,
"MONTH	Rate Code	IDAVA	Book Early And Save	 12	 3","001.00	 250.08	 3.12%	 23	 136	 23","632.00	 173.76	 1.14%	 243	 3453	 164.56	 2.46%	 6355	 568","231.98	 1",490,"373.78	 21326	 51	 8","534.75	 167.35	 13.25%	 108	 574	 79","550.70	 138.59	 4.81%	 1175	 10550	 141.27	 7.51%	",
"MONTH	Rate Code	IDAVR		 0	 0.00	 0.00	 0.00%	 0	 0	 0.00	 0.00	 0.00%	 0	 8	 124.25	 0.01%	 8	 994.00	 1",490,"373.78	 21326	 51	 8","534.75	 167.35	 13.25%	 108	 574	 79","550.70	 138.59	 4.81%	 1175	 10550	 141.27	 7.51%	",,,,
"MONTH	Rate Code	IDAVT	Special Offer	 15	 1","913.00	 127.53	 3.90%	 36	 149	 22","169.00	 148.79	 1.25%	 311	 1087	 171.30	 0.77%	 1972	 186","197.99	 1",490,"373.78	 21326	 51	 8","534.75	 167.35	 13.25%	 108	 574	 79","550.70	 138.59	 4.81%	 1175	 10550	 141.27	 7.51%	",
"MONTH	Rate Code	IDGD1	Gds Promo Spring	 0	 0.00	 0.00	 0.00%	 0	 0	 0.00	 0.00	 0.00%	 0	 5	 145.60	 0.00%	 5	 728.00	 1",490,"373.78	 21326	 51	 8","534.75	 167.35	 13.25%	 108	 574	 79","550.70	 138.59	 4.81%	 1175	 10550	 141.27	 7.51%	",,,,
"MONTH	Rate Code	IDH00	Tpi 00p Hvy Fence	 0	 0.00	 0.00	 0.00%	 0	 8	 1","440.00	 180.00	 0.07%	 20	 162	 160.70	 0.12%	 315	 26","033.00	 1",490,"373.78	 21326	 51	 8","534.75	 167.35	 13.25%	 108	 574	 79","550.70	 138.59	 4.81%	 1175	 10550	 141.27	 7.51%	",,
"MONTH	Rate Code	IDH0G	Tpi 00p Hvy Gst Cc	 2	 441.00	 220.50	 0.52%	 4	 14	 2","129.00	 152.07	 0.12%	 27	 472	 150.11	 0.34%	 925	 70","850.00	 1",490,"373.78	 21326	 51	 8","534.75	 167.35	 13.25%	 108	 574	 79","550.70	 138.59	 4.81%	 1175	 10550	 141.27	 7.51%	",,
"MONTH	Rate Code	IDH15	Tpi 15p Hvy Fence	 0	 0.00	 0.00	 0.00%	 0	 0	 0.00	 0.00	 0.00%	 0	 1	 110.50	 0.00%	 2	 110.50	 1",490,"373.78	 21326	 51	 8","534.75	 167.35	 13.25%	 108	 574	 79","550.70	 138.59	 4.81%	 1175	 10550	 141.27	 7.51%	",,,,
"MONTH	Rate Code	IDH25	Tpi 25p Hvy Fence	 0	 0.00	 0.00	 0.00%	 0	 8	 881.25	 110.16	 0.07%	 14	 311	 112.67	 0.22%	 651	 35","041.65	 1",490,"373.78	 21326	 51	 8","534.75	 167.35	 13.25%	 108	 574	 79","550.70	 138.59	 4.81%	 1175	 10550	 141.27	 7.51%	",,,
"MONTH	Rate Code	IDINR	Internet Net Rate	 14	 1","193.00	 85.21	 3.64%	 29	 165	 12","757.00	 77.32	 1.38%	 381	 2304	 79.92	 1.64%	 5654	 184","141.50	 1",490,"373.78	 21326	 51	 8","534.75	 167.35	 13.25%	 108	 574	 79","550.70	 138.59	 4.81%	 1175	 10550	 141.27	 7.51%	",
"MONTH	Rate Code	IDKCP	Spring Forward Sale	 0	 0.00	 0.00	 0.00%	 0	 0	 0.00	 0.00	 0.00%	 0	 362	 115.67	 0.26%	 828	 41","871.45	 1",490,"373.78	 21326	 51	 8","534.75	 167.35	 13.25%	 108	 574	 79","550.70	 138.59	 4.81%	 1175	 10550	 141.27	 7.51%	",,,
"MONTH	Rate Code	IDL00	Tpi 00p Med Fence	 0	 0.00	 0.00	 0.00%	 0	 4	 619.00	 154.75	 0.03%	 6	 49	 174.53	 0.03%	 89	 8","552.00	 1",490,"373.78	 21326	 51	 8","534.75	 167.35	 13.25%	 108	 574	 79","550.70	 138.59	 4.81%	 1175	 10550	 141.27	 7.51%	",,,
"MONTH	Rate Code	IDL0G	Tpi 00p Med Gst Cc	 0	 0.00	 0.00	 0.00%	 0	 4	 586.00	 146.50	 0.03%	 8	 146	 162.84	 0.10%	 271	 23","774.45	 1",490,"373.78	 21326	 51	 8","534.75	 167.35	 13.25%	 108	 574	 79","550.70	 138.59	 4.81%	 1175	 10550	 141.27	 7.51%	",,,
"MONTH	Rate Code	IDOTH	Snow Rate 2014	 0	 0.00	 0.00	 0.00%	 0	 3	 177.00	 59.00	 0.03%	 3	 6	 59.00	 0.00%	 6	 354.00	 1",490,"373.78	 21326	 51	 8","534.75	 167.35	 13.25%	 108	 574	 79","550.70	 138.59	 4.81%	 1175	 10550	 141.27	 7.51%	",,,,
"MONTH	Rate Code	IDPBI	Internet Net Rate 2	 0	 0.00	 0.00	 0.00%	 0	 0	 0.00	 0.00	 0.00%	 0	 47	 85.79	 0.03%	 106	 4","032.00	 1",490,"373.78	 21326	 51	 8","534.75	 167.35	 13.25%	 108	 574	 79","550.70	 138.59	 4.81%	 1175	 10550	 141.27	 7.51%	",,,
"MONTH	Rate Code	IDU00	Tpi 00p Low Fence	 0	 0.00	 0.00	 0.00%	 0	 2	 478.00	 239.00	 0.02%	 6	 17	 203.65	 0.01%	 31	 3","462.00	 1",490,"373.78	 21326	 51	 8","534.75	 167.35	 13.25%	 108	 574	 79","550.70	 138.59	 4.81%	 1175	 10550	 141.27	 7.51%	",,,
"MONTH	Rate Code	IDU0G	Tpi 00p Low Gst Cc	 1	 299.00	 299.00	 0.26%	 2	 3	 597.00	 199.00	 0.03%	 6	 151	 177.01	 0.11%	 296	 26","729.00	 1",490,"373.78	 21326	 51	 8","534.75	 167.35	 13.25%	 108	 574	 79","550.70	 138.59	 4.81%	 1175	 10550	 141.27	 7.51%	",,,
"MONTH	Rate Code	IDU15	Tpi 15p Low Fence	 5	 1","183.75	 236.75	 1.30%	 11	 21	 4","498.95	 214.24	 0.18%	 44	 323	 162.64	 0.23%	 616	 52","532.75	 1",490,"373.78	 21326	 51	 8","534.75	 167.35	 13.25%	 108	 574	 79","550.70	 138.59	 4.81%	 1175	 10550	 141.27	 7.51%	",
"MONTH	Rate Code	IDU25	Tpi 25p Low Fence	 0	 0.00	 0.00	 0.00%	 0	 0	 0.00	 0.00	 0.00%	 0	 40	 157.36	 0.03%	 71	 6","294.25	 1",490,"373.78	 21326	 51	 8","534.75	 167.35	 13.25%	 108	 574	 79","550.70	 138.59	 4.81%	 1175	 10550	 141.27	 7.51%	",,,
"MONTH	Rate Code	ILKO3	Good Neighbor	 0	 0.00	 0.00	 0.00%	 0	 0	 0.00	 0.00	 0.00%	 0	 1	 47.00	 0.00%	 2	 47.00	 1",490,"373.78	 21326	 51	 8","534.75	 167.35	 13.25%	 108	 574	 79","550.70	 138.59	 4.81%	 1175	 10550	 141.27	 7.51%	",,,,
"MONTH	Rate Code	ILOKU	H And R Block	 0	 0.00	 0.00	 0.00%	 0	 0	 0.00	 0.00	 0.00%	 0	 2	 65.00	 0.00%	 2	 130.00	 1",490,"373.78	 21326	 51	 8","534.75	 167.35	 13.25%	 108	 574	 79","550.70	 138.59	 4.81%	 1175	 10550	 141.27	 7.51%	",,,,
"MONTH	Rate Code	IMGOV	Government Rate	 0	 0.00	 0.00	 0.00%	 0	 0	 0.00	 0.00	 0.00%	 0	 1	 119.00	 0.00%	 2	 119.00	 1",490,"373.78	 21326	 51	 8","534.75	 167.35	 13.25%	 108	 574	 79","550.70	 138.59	 4.81%	 1175	 10550	 141.27	 7.51%	",,,,
"MONTH	Rate Code	IPTT1	Travel Leaders Group	 0	 0.00	 0.00	 0.00%	 0	 0	 0.00	 0.00	 0.00%	 0	 1	 179.00	 0.00%	 1	 179.00	 1",490,"373.78	 21326	 51	 8","534.75	 167.35	 13.25%	 108	 574	 79","550.70	 138.59	 4.81%	 1175	 10550	 141.27	 7.51%	",,,,
"MONTH	Rate Code	IPWTT	Radius Travel	 0	 0.00	 0.00	 0.00%	 0	 0	 0.00	 0.00	 0.00%	 0	 1	 209.00	 0.00%	 1	 209.00	 1",490,"373.78	 21326	 51	 8","534.75	 167.35	 13.25%	 108	 574	 79","550.70	 138.59	 4.81%	 1175	 10550	 141.27	 7.51%	",,,,
"MONTH	Rate Code	IVANI	Reward Nights	 0	 0.00	 0.00	 0.00%	 0	 0	 0.00	 0.00	 0.00%	 0	 1	 25.00	 0.00%	 2	 25.00	 1",490,"373.78	 21326	 51	 8","534.75	 167.35	 13.25%	 108	 574	 79","550.70	 138.59	 4.81%	 1175	 10550	 141.27	 7.51%	",,,,
"MONTH	Rate Code	No Code		 0	 0.00	 0.00	 0.00%	 0	 0	 0.00	 0.00	 0.00%	 0	 4	 191.29	 0.00%	 4	 765.14	 1",490,"373.78	 21326	 51	 8","534.75	 167.35	 13.25%	 108	 574	 79","550.70	 138.59	 4.81%	 1175	 10550	 141.27	 7.51%	",,,,
"MONTH	Rate Code	Market Code	E	Corp - Accounts	HOUSE	House Account	 0	 0.00	 0.00	 0.00%	 0	 0	 0.00	 0.00	 0.00%	 0	 0	 0.00	 0.00%	 0	- 20.00	 49","149.00	 386	 0	 0.00	 0.00	 0.00%	 0	 0	 0.00	 0.00	 0.00%	 0	 380	 129.34	 0.27%	",,,,,,,
"MONTH	Rate Code	Market Code	E	Corp - Accounts	IE3NR	Trinoor	 0	 0.00	 0.00	 0.00%	 0	 0	 0.00	 0.00	 0.00%	 0	 11	 109.00	 0.01%	 11	 1","199.00	 49","149.00	 386	 0	 0.00	 0.00	 0.00%	 0	 0	 0.00	 0.00	 0.00%	 0	 380	 129.34	 0.27%	",,,,,,
"MONTH	Rate Code	Market Code	E	Corp - Accounts	IE6WG		 0	 0.00	 0.00	 0.00%	 0	 0	 0.00	 0.00	 0.00%	 0	 115	 135.19	 0.08%	 115	 15","547.00	 49","149.00	 386	 0	 0.00	 0.00	 0.00%	 0	 0	 0.00	 0.00	 0.00%	 0	 380	 129.34	 0.27%	",,,,,,
"MONTH	Rate Code	Market Code	E	Corp - Accounts	IEB6I	Phillips Sixty Six	 0	 0.00	 0.00	 0.00%	 0	 0	 0.00	 0.00	 0.00%	 0	 126	 136.27	 0.09%	 131	 17","170.00	 49","149.00	 386	 0	 0.00	 0.00	 0.00%	 0	 0	 0.00	 0.00	 0.00%	 0	 380	 129.34	 0.27%	",,,,,,
"MONTH	Rate Code	Market Code	E	Corp - Accounts	IEEK2	Halfpenny Sales	 0	 0.00	 0.00	 0.00%	 0	 0	 0.00	 0.00	 0.00%	 0	 8	 129.00	 0.01%	 8	 1","032.00	 49","149.00	 386	 0	 0.00	 0.00	 0.00%	 0	 0	 0.00	 0.00	 0.00%	 0	 380	 129.34	 0.27%	",,,,,,
"MONTH	Rate Code	Market Code	E	Corp - Accounts	IEGDX	Geo Comm Inc	 0	 0.00	 0.00	 0.00%	 0	 0	 0.00	 0.00	 0.00%	 0	 2	 139.00	 0.00%	 2	 278.00	 49","149.00	 386	 0	 0.00	 0.00	 0.00%	 0	 0	 0.00	 0.00	 0.00%	 0	 380	 129.34	 0.27%	",,,,,,,
"MONTH	Rate Code	Market Code	E	Corp - Accounts	IES24	Sioux Chief Manufact	 0	 0.00	 0.00	 0.00%	 0	 0	 0.00	 0.00	 0.00%	 0	 118	 118.16	 0.08%	 119	 13","943.00	 49","149.00	 386	 0	 0.00	 0.00	 0.00%	 0	 0	 0.00	 0.00	 0.00%	 0	 380	 129.34	 0.27%	",,,,,,
"MONTH	Rate Code	Market Code	FF	Fraternal Group	No Code		 0	 0.00	 0.00	 0.00%	 0	 0	 0.00	 0.00	 0.00%	 0	 85	 147.35	 0.06%	 239	 12","525.00	 12","525.00	 239	 0	 0.00	 0.00	 0.00%	 0	 0	 0.00	 0.00	 0.00%	 0	 85	 147.35	 0.06%	",,,,,,
"MONTH	Rate Code	Market Code	G	Corp-Global	HOUSE	House Account	 0	 0.00	 0.00	 0.00%	 0	 0	 0.00	 0.00	 0.00%	 0	 0	 0.00	 0.00%	 0	- 80.00	",,,,,,,,
"MONTH	Rate Code	Market Code	G	Corp-Global	IGM01	Mid Market Account 1	 0	 0.00	 0.00	 0.00%	 0	 4	 612.20	 153.05	 0.03%	 4	 54	 163.33	 0.04%	 74	 8","819.60	",,,,,,,
"MONTH	Rate Code	Market Code	G	Corp-Global	IGM02	Mid Market Account 2	 0	 0.00	 0.00	 0.00%	 0	 0	 0.00	 0.00	 0.00%	 0	 12	 176.59	 0.01%	 18	 2","119.04	",,,,,,,
"MONTH	Rate Code	Market Code	G	Corp-Global	IGM03	Mid Market Account 3	 0	 0.00	 0.00	 0.00%	 0	 0	 0.00	 0.00	 0.00%	 0	 29	 159.84	 0.02%	 37	 4","635.48	",,,,,,,
"MONTH	Rate Code	Market Code	G	Corp-Global	IGM04	Mid Market Account 4	 0	 0.00	 0.00	 0.00%	 0	 0	 0.00	 0.00	 0.00%	 0	 13	 157.89	 0.01%	 13	 2","052.51	",,,,,,,
"MONTH	Rate Code	Market Code	G	Corp-Global	IGM05	Mid Market Account 5	 0	 0.00	 0.00	 0.00%	 0	 0	 0.00	 0.00	 0.00%	 0	 9	 173.22	 0.01%	 9	 1","558.95	",,,,,,,
"MONTH	Rate Code	Market Code	G	Corp-Global	IGN01	Gold 1	 0	 0.00	 0.00	 0.00%	 0	 10	 1","752.80	 175.28	 0.08%	 12	 509	 173.66	 0.36%	 590	 88","390.99	",,,,,,
"MONTH	Rate Code	Market Code	G	Corp-Global	IGN03	Gold 3	 0	 0.00	 0.00	 0.00%	 0	 3	 454.96	 151.65	 0.03%	 3	 35	 164.06	 0.02%	 36	 5","742.00	",,,,,,,
"MONTH	Rate Code	Market Code	G	Corp-Global	IGN04	Gold 4	 0	 0.00	 0.00	 0.00%	 0	 1	 170.10	 170.10	 0.01%	 1	 62	 179.09	 0.04%	 71	 11","103.30	",,,,,,,
"MONTH	Rate Code	Market Code	G	Corp-Global	IGN06	Gold 6	 0	 0.00	 0.00	 0.00%	 0	 0	 0.00	 0.00	 0.00%	 0	 13	 168.09	 0.01%	 13	 2","185.13	",,,,,,,
"MONTH	Rate Code	Market Code	G	Corp-Global	IGN07	Gold 7	 0	 0.00	 0.00	 0.00%	 0	 0	 0.00	 0.00	 0.00%	 0	 16	 179.55	 0.01%	 16	 2","872.80	",,,,,,,
"MONTH	Rate Code	Market Code	G	Corp-Global	ILJWP	Netjets Transportes	 0	 0.00	 0.00	 0.00%	 0	 0	 0.00	 0.00	 0.00%	 0	 4	 80.00	 0.00%	 4	 320.00	",,,,,,,,
"MONTH	Rate Code	Market Code	G	Corp-Global	IMGOV	Government Rate	 0	 0.00	 0.00	 0.00%	 0	 0	 0.00	 0.00	 0.00%	 0	 4	 99.00	 0.00%	 4	 396.00	",,,,,,,,
"MONTH	Rate Code	IPEJ3	Netjets Inc	 1	 80.00	 80.00	 0.26%	 1	 13	 1","040.00	 80.00	 0.11%	 13	 468	 81.51	 0.33%	 471	 38","149.00	 168","264.80	 1356	 1	 80.00	 80.00	 0.26%	 1	 31	 4","030.06	 130.00	 0.26%	 33	 1228	 137.02	 0.87%	",,,,
"MONTH	Rate Code	Market Code	H	House Use - H	HOUSE	House Account	 0	- 209.00	 0.00	 0.00%	 0	 0	 2","926.76	 0.00	 0.00%	 0	 16	 6","595.39	 0.01%	 23	 105","526.28	 149","835.22	 276	 0	- 209.00	 0.00	 0.00%	 0	 0	 4","766.76	 0.00	 0.00%	 0	 181	 827.82	 0.13%	",,,
"MONTH	Rate Code	Market Code	H	House Use - H	IGCOR	Best Flexible Rate	 0	 0.00	 0.00	 0.00%	 0	 0	 0.00	 0.00	 0.00%	 0	 0	 0.00	 0.00%	 0	- 55.00	 149","835.22	 276	 0	- 209.00	 0.00	 0.00%	 0	 0	 4","766.76	 0.00	 0.00%	 0	 181	 827.82	 0.13%	",,,,,,
"MONTH	Rate Code	Market Code	H	House Use - H	IKPCM	1000 Bonus Points Nt	 0	 0.00	 0.00	 0.00%	 0	 0	 0.00	 0.00	 0.00%	 0	 1	 0.00	 0.00%	 1	 0.00	 149","835.22	 276	 0	- 209.00	 0.00	 0.00%	 0	 0	 4","766.76	 0.00	 0.00%	 0	 181	 827.82	 0.13%	",,,,,,
"MONTH	Rate Code	Market Code	H	House Use - H	INCMP	Complimentary	 0	 0.00	 0.00	 0.00%	 0	 0	 0.00	 0.00	 0.00%	 0	 1	 0.00	 0.00%	 1	 0.00	 149","835.22	 276	 0	- 209.00	 0.00	 0.00%	 0	 0	 4","766.76	 0.00	 0.00%	 0	 181	 827.82	 0.13%	",,,,,,
"MONTH	Rate Code	Market Code	H	House Use - H	NA_RATE_CODE	Night Audit Rate Code	 0	 0.00	 0.00	 0.00%	 0	 0	 1","840.00	 0.00	 0.00%	 0	 0	 0.00	 0.00%	 0	 24","950.94	 149","835.22	 276	 0	- 209.00	 0.00	 0.00%	 0	 0	 4","766.76	 0.00	 0.00%	 0	 181	 827.82	 0.13%	",,,,
"MONTH	Rate Code	Market Code	H	House Use - H	No Code		 0	 0.00	 0.00	 0.00%	 0	 0	 0.00	 0.00	 0.00%	 0	 163	 119.10	 0.12%	 251	 19","413.00	 149","835.22	 276	 0	- 209.00	 0.00	 0.00%	 0	 0	 4","766.76	 0.00	 0.00%	 0	 181	 827.82	 0.13%	",,,,,
"MONTH	Rate Code	Market Code	K	Package-Leisure	HOUSE	House Account	 0	 0.00	 0.00	 0.00%	 0	 0	 20.00	 0.00	 0.00%	 0	 0	 0.00	 0.00%	 0	 40.00	",,,,,,,,
"MONTH	Rate Code	Market Code	K	Package-Leisure	IDAVA	Book Early And Save	 0	 0.00	 0.00	 0.00%	 0	 0	 0.00	 0.00	 0.00%	 0	 1	 129.00	 0.00%	 4	 129.00	",,,,,,,,
"MONTH	Rate Code	Market Code	K	Package-Leisure	IGBBB	Best Flex With Bkfst	 5	 1","315.00	 263.00	 1.30%	 10	 56	 10","110.00	 180.54	 0.47%	 82	 669	 195.62	 0.48%	 1136	 130","869.00	",,,,,
"MONTH	Rate Code	Market Code	K	Package-Leisure	IKABB	Bookearly Save Bkfst	 2	 415.98	 207.99	 0.52%	 6	 24	 3","862.76	 160.95	 0.20%	 60	 476	 162.22	 0.34%	 978	 77","217.01	",,,,,,
"MONTH	Rate Code	Market Code	K	Package-Leisure	IKAH1	Valentines Package	 12	 2","789.89	 232.49	 3.12%	 20	 13	 3","028.89	 232.99	 0.11%	 21	 15	 239.13	 0.01%	 25	 3","586.89	",,,,,
"MONTH	Rate Code	Market Code	K	Package-Leisure	IKB00	Tpi 00p Breakfast	 0	 0.00	 0.00	 0.00%	 0	 0	 0.00	 0.00	 0.00%	 0	 10	 195.49	 0.01%	 15	 1","954.90	",,,,,,,
"MONTH	Rate Code	Market Code	K	Package-Leisure	IKB0G	Tpi 00p Bkf Gst Cc	 1	 279.00	 279.00	 0.26%	 2	 4	 996.00	 249.00	 0.03%	 8	 111	 182.12	 0.08%	 211	 20","215.00	",,,,,,,
"MONTH	Rate Code	Market Code	K	Package-Leisure	IKB15	Tpi 15p Brkfast	 1	 484.64	 484.64	 0.26%	 2	 9	 2","517.26	 279.70	 0.08%	 18	 160	 170.47	 0.11%	 341	 27","275.62	",,,,,,
"MONTH	Rate Code	Market Code	K	Package-Leisure	IKB25	Tpi 25p Brkfast Pkg	 0	 0.00	 0.00	 0.00%	 0	 1	 151.74	 151.74	 0.01%	 4	 32	 132.76	 0.02%	 43	 4","248.18	",,,,,,,
"MONTH	Rate Code	Market Code	K	Package-Leisure	IKHD1	P And L Dist Package	 0	 0.00	 0.00	 0.00%	 0	 5	 870.95	 174.19	 0.04%	 6	 14	 198.70	 0.01%	 26	 2","781.86	",,,,,,,
"MONTH	Rate Code	Market Code	K	Package-Leisure	IKPCM	1000 Bonus Points Nt	 0	 0.00	 0.00	 0.00%	 0	 1	 279.00	 279.00	 0.01%	 2	 55	 221.30	 0.04%	 69	 12","171.75	",,,,,,,
"MONTH	Rate Code	Market Code	K	Package-Leisure	IKPT5	5000 Rc Bonus	 0	 0.00	 0.00	 0.00%	 0	 4	 776.00	 194.00	 0.03%	 4	 47	 236.28	 0.03%	 103	 11","105.00	",,,,,,,
"MONTH	Rate Code	Market Code	K	Package-Leisure	ILOKU	H And R Block	 0	 0.00	 0.00	 0.00%	 0	 0	 0.00	 0.00	 0.00%	 0	 2	 65.00	 0.00%	 2	 130.00	",,,,,,,,
"MONTH	Rate Code	Market Code	K	Package-Leisure	No Code		 0	 0.00	 0.00	 0.00%	 0	 0	 0.00	 0.00	 0.00%	 0	 1	 159.00	 0.00%	 2	 159.00	",,,,,,,,
"MONTH	Rate Code	Market Code	L	Corporate-Local Negotiated	HOUSE	House Account	 0	 0.00	 0.00	 0.00%	 0	 0	 0.00	 0.00	 0.00%	 0	 0	 0.00	 0.00%	 0	- 725.00	",,,,,,,,
"MONTH	Rate Code	Market Code	L	Corporate-Local Negotiated	IDAVA	Book Early And Save	 0	 0.00	 0.00	 0.00%	 0	 0	 0.00	 0.00	 0.00%	 0	 2	 207.00	 0.00%	 2	 414.00	",,,,,,,,
"MONTH	Rate Code	Market Code	L	Corporate-Local Negotiated	IDU0G	Tpi 00p Low Gst Cc	 0	 0.00	 0.00	 0.00%	 0	 0	 0.00	 0.00	 0.00%	 0	 1	 189.00	 0.00%	 2	 189.00	",,,,,,,,
"MONTH	Rate Code	Market Code	L	Corporate-Local Negotiated	IDU15	Tpi 15p Low Fence	 0	 0.00	 0.00	 0.00%	 0	 0	 0.00	 0.00	 0.00%	 0	 1	 177.65	 0.00%	 2	 177.65	",,,,,,,,
"MONTH	Rate Code	Market Code	L	Corporate-Local Negotiated	IGCOR	Best Flexible Rate	 0	 0.00	 0.00	 0.00%	 0	 0	 0.00	 0.00	 0.00%	 0	 1	 249.00	 0.00%	 2	 249.00	",,,,,,,,
"MONTH	Rate Code	Market Code	L	Corporate-Local Negotiated	IL0TC	Tour Connection Inco	 0	 0.00	 0.00	 0.00%	 0	 0	 0.00	 0.00	 0.00%	 0	 2	 135.15	 0.00%	 2	 270.30	",,,,,,,,
"MONTH	Rate Code	Market Code	L	Corporate-Local Negotiated	IL2IT		 0	 0.00	 0.00	 0.00%	 0	 0	 0.00	 0.00	 0.00%	 0	 6	 127.00	 0.00%	 6	 762.00	",,,,,,,,
"MONTH	Rate Code	Market Code	L	Corporate-Local Negotiated	IL2WZ	Boehringer Ingelheim	 0	 0.00	 0.00	 0.00%	 0	 1	 189.00	 189.00	 0.01%	 1	 8	 164.00	 0.01%	 8	 1","312.00	",,,,,,,
"MONTH	Rate Code	Market Code	L	Corporate-Local Negotiated	IL35F	Fishnet Security	 0	 0.00	 0.00	 0.00%	 0	 0	 0.00	 0.00	 0.00%	 0	 12	 112.33	 0.01%	 12	 1","348.00	",,,,,,,
"MONTH	Rate Code	Market Code	L	Corporate-Local Negotiated	IL4U8	Arkema Pty Limited	 0	 0.00	 0.00	 0.00%	 0	 2	 298.00	 149.00	 0.02%	 2	 6	 135.67	 0.00%	 6	 814.00	",,,,,,,,
"MONTH	Rate Code	Market Code	L	Corporate-Local Negotiated	IL5FP	Fedrooms	 0	 0.00	 0.00	 0.00%	 0	 20	 2","120.00	 106.00	 0.17%	 20	 361	 100.18	 0.26%	 365	 36","166.00	",,,,,,
"MONTH	Rate Code	Market Code	L	Corporate-Local Negotiated	IL86K	Bank Midwest	 0	 0.00	 0.00	 0.00%	 0	 0	 0.00	 0.00	 0.00%	 0	 4	 139.00	 0.00%	 4	 556.00	",,,,,,,,
"MONTH	Rate Code	Market Code	L	Corporate-Local Negotiated	ILAC1	American Cancer Soci	 0	 0.00	 0.00	 0.00%	 0	 0	 0.00	 0.00	 0.00%	 0	 113	 120.15	 0.08%	 129	 13","577.50	",,,,,,,
"MONTH	Rate Code	Market Code	L	Corporate-Local Negotiated	ILB8M	Butler Manufacturing	 0	 0.00	 0.00	 0.00%	 0	 11	 1","012.00	 92.00	 0.09%	 11	 114	 90.75	 0.08%	 119	 10","346.00	",,,,,,
"MONTH	Rate Code	Market Code	L	Corporate-Local Negotiated	ILCOR	Good Neighbor Rate	 0	 0.00	 0.00	 0.00%	 0	 0	 0.00	 0.00	 0.00%	 0	 6	 153.83	 0.00%	 8	 923.00	",,,,,,,,
"MONTH	Rate Code	Market Code	L	Corporate-Local Negotiated	ILCRL	Cargill Incorporated	 0	 0.00	 0.00	 0.00%	 0	 0	 0.00	 0.00	 0.00%	 0	 83	 119.60	 0.06%	 158	 9","927.00	",,,,,,,
"MONTH	Rate Code	Market Code	L	Corporate-Local Negotiated	ILD4W	Sizewise Rentals	 0	 0.00	 0.00	 0.00%	 0	 14	 1","946.00	 139.00	 0.12%	 14	 106	 140.13	 0.08%	 121	 14","854.00	",,,,,,
"MONTH	Rate Code	Market Code	L	Corporate-Local Negotiated	ILESP	Bluescope Steel Limi	 0	 0.00	 0.00	 0.00%	 0	 73	 7","015.00	 96.10	 0.61%	 73	 934	 95.30	 0.66%	 959	 89","008.00	",,,,,,
"MONTH	Rate Code	Market Code	L	Corporate-Local Negotiated	ILETM	Corporate Travel Man	 0	 0.00	 0.00	 0.00%	 0	 2	 338.00	 169.00	 0.02%	 2	 2	 169.00	 0.00%	 2	 338.00	",,,,,,,,
"MONTH	Rate Code	Market Code	L	Corporate-Local Negotiated	ILFRH	Machinery Link	 0	 0.00	 0.00	 0.00%	 0	 0	 0.00	 0.00	 0.00%	 0	 62	 127.26	 0.04%	 62	 7","890.00	",,,,,,,
"MONTH	Rate Code	Market Code	L	Corporate-Local Negotiated	ILK5P	K C P L	 0	 0.00	 0.00	 0.00%	 0	 0	 0.00	 0.00	 0.00%	 0	 128	 103.38	 0.09%	 130	 13","232.00	",,,,,,,
"MONTH	Rate Code	Market Code	L	Corporate-Local Negotiated	ILKO3	Good Neighbor	 0	 0.00	 0.00	 0.00%	 0	 13	 1","264.00	 97.23	 0.11%	 13	 456	 118.85	 0.32%	 549	 54","195.30	",,,,,,
"MONTH	Rate Code	Market Code	L	Corporate-Local Negotiated	ILL9F		 0	 0.00	 0.00	 0.00%	 0	 0	 0.00	 0.00	 0.00%	 0	 1	 105.00	 0.00%	 1	 105.00	",,,,,,,,
"MONTH	Rate Code	Market Code	L	Corporate-Local Negotiated	ILLEX	Amex Asiapacific Poi	 0	 0.00	 0.00	 0.00%	 0	 0	 0.00	 0.00	 0.00%	 0	 4	 219.00	 0.00%	 4	 876.00	",,,,,,,,
"MONTH	Rate Code	Market Code	L	Corporate-Local Negotiated	ILOKU	H And R Block	 13	 944.00	 72.62	 3.38%	 20	 484	 32","137.00	 66.40	 4.06%	 624	 5479	 64.58	 3.90%	 6107	 353","816.50	",,,,,,
"MONTH	Rate Code	ILOUS		 0	 0.00	 0.00	 0.00%	 0	 0	 0.00	 0.00	 0.00%	 0	 21	 129.00	 0.01%	 21	 2","709.00	 875","001.38	 11122	 15	 1","180.00	 78.67	 3.90%	 23	 710	 56","480.00	 79.55	 5.95%	 852	 10169	 86.05	 7.24%	",,,,
"MONTH	Rate Code	ILQ8B	Commerce Bank	 0	 0.00	 0.00	 0.00%	 0	 14	 1","568.00	 112.00	 0.12%	 14	 140	 112.53	 0.10%	 143	 15","754.00	 875","001.38	 11122	 15	 1","180.00	 78.67	 3.90%	 23	 710	 56","480.00	 79.55	 5.95%	 852	 10169	 86.05	 7.24%	",,,
"MONTH	Rate Code	ILQAX	Hilti	 0	 0.00	 0.00	 0.00%	 0	 0	 0.00	 0.00	 0.00%	 0	 11	 150.95	 0.01%	 16	 1","660.50	 875","001.38	 11122	 15	 1","180.00	 78.67	 3.90%	 23	 710	 56","480.00	 79.55	 5.95%	 852	 10169	 86.05	 7.24%	",,,,
"MONTH	Rate Code	ILQHL	Bryan Cave Llp	 0	 0.00	 0.00	 0.00%	 0	 2	 374.00	 187.00	 0.02%	 2	 2	 187.00	 0.00%	 2	 374.00	 875","001.38	 11122	 15	 1","180.00	 78.67	 3.90%	 23	 710	 56","480.00	 79.55	 5.95%	 852	 10169	 86.05	 7.24%	",,,,,
"MONTH	Rate Code	ILRBI	Travel And Transport	 0	 0.00	 0.00	 0.00%	 0	 0	 0.00	 0.00	 0.00%	 0	 11	 196.27	 0.01%	 11	 2","159.00	 875","001.38	 11122	 15	 1","180.00	 78.67	 3.90%	 23	 710	 56","480.00	 79.55	 5.95%	 852	 10169	 86.05	 7.24%	",,,,
"MONTH	Rate Code	ILROP	Community Health Sys	 0	 0.00	 0.00	 0.00%	 0	 0	 0.00	 0.00	 0.00%	 0	 15	 129.00	 0.01%	 15	 1","935.00	 875","001.38	 11122	 15	 1","180.00	 78.67	 3.90%	 23	 710	 56","480.00	 79.55	 5.95%	 852	 10169	 86.05	 7.24%	",,,,
"MONTH	Rate Code	ILUM8	Umb Bank	 0	 0.00	 0.00	 0.00%	 0	 1	 129.00	 129.00	 0.01%	 1	 119	 128.92	 0.08%	 138	 15","341.00	 875","001.38	 11122	 15	 1","180.00	 78.67	 3.90%	 23	 710	 56","480.00	 79.55	 5.95%	 852	 10169	 86.05	 7.24%	",,,,
"MONTH	Rate Code	ILVDG	Resources For Human	 0	 0.00	 0.00	 0.00%	 0	 3	 318.00	 106.00	 0.03%	 3	 29	 109.24	 0.02%	 39	 3","168.00	 875","001.38	 11122	 15	 1","180.00	 78.67	 3.90%	 23	 710	 56","480.00	 79.55	 5.95%	 852	 10169	 86.05	 7.24%	",,,,
"MONTH	Rate Code	ILVTK		 0	 0.00	 0.00	 0.00%	 0	 0	 0.00	 0.00	 0.00%	 0	 10	 102.00	 0.01%	 10	 1","020.00	 875","001.38	 11122	 15	 1","180.00	 78.67	 3.90%	 23	 710	 56","480.00	 79.55	 5.95%	 852	 10169	 86.05	 7.24%	",,,,
"MONTH	Rate Code	ILWGR	Omega World Travel G	 0	 0.00	 0.00	 0.00%	 0	 0	 0.00	 0.00	 0.00%	 0	 7	 99.00	 0.00%	 7	 693.00	 875","001.38	 11122	 15	 1","180.00	 78.67	 3.90%	 23	 710	 56","480.00	 79.55	 5.95%	 852	 10169	 86.05	 7.24%	",,,,,
"MONTH	Rate Code	ILWRR	Signature Flight Sup	 0	 0.00	 0.00	 0.00%	 0	 2	 230.00	 115.00	 0.02%	 2	 79	 117.43	 0.06%	 79	 9","277.00	 875","001.38	 11122	 15	 1","180.00	 78.67	 3.90%	 23	 710	 56","480.00	 79.55	 5.95%	 852	 10169	 86.05	 7.24%	",,,,
"MONTH	Rate Code	ILWWD	Kansas City Southern	 0	 0.00	 0.00	 0.00%	 0	 28	 3","032.00	 108.29	 0.23%	 28	 750	 105.20	 0.53%	 775	 78","903.03	 875","001.38	 11122	 15	 1","180.00	 78.67	 3.90%	 23	 710	 56","480.00	 79.55	 5.95%	 852	 10169	 86.05	 7.24%	",,,
"MONTH	Rate Code	ILXDJ	Cerner Corp	 0	 0.00	 0.00	 0.00%	 0	 19	 1","691.00	 89.00	 0.16%	 19	 135	 95.28	 0.10%	 135	 12","863.00	 875","001.38	 11122	 15	 1","180.00	 78.67	 3.90%	 23	 710	 56","480.00	 79.55	 5.95%	 852	 10169	 86.05	 7.24%	",,,
"MONTH	Rate Code	ILXPA	American Express Rat	 0	 0.00	 0.00	 0.00%	 0	 4	 726.00	 181.50	 0.03%	 4	 118	 198.19	 0.08%	 124	 23","387.00	 875","001.38	 11122	 15	 1","180.00	 78.67	 3.90%	 23	 710	 56","480.00	 79.55	 5.95%	 852	 10169	 86.05	 7.24%	",,,,
"MONTH	Rate Code	ILY0W	Amex Cs Client Negot	 0	 0.00	 0.00	 0.00%	 0	 0	 0.00	 0.00	 0.00%	 0	 6	 165.60	 0.00%	 6	 993.60	 875","001.38	 11122	 15	 1","180.00	 78.67	 3.90%	 23	 710	 56","480.00	 79.55	 5.95%	 852	 10169	 86.05	 7.24%	",,,,,
"MONTH	Rate Code	ILZST	Matthews Internation	 0	 0.00	 0.00	 0.00%	 0	 2	 238.00	 119.00	 0.02%	 2	 33	 119.00	 0.02%	 33	 3","927.00	 875","001.38	 11122	 15	 1","180.00	 78.67	 3.90%	 23	 710	 56","480.00	 79.55	 5.95%	 852	 10169	 86.05	 7.24%	",,,,
"MONTH	Rate Code	IMSTI	State Government	 0	 0.00	 0.00	 0.00%	 0	 0	 0.00	 0.00	 0.00%	 0	 1	 106.00	 0.00%	 4	 106.00	 875","001.38	 11122	 15	 1","180.00	 78.67	 3.90%	 23	 710	 56","480.00	 79.55	 5.95%	 852	 10169	 86.05	 7.24%	",,,,,
"MONTH	Rate Code	IP9GK	International Visito	 1	 112.00	 112.00	 0.26%	 1	 3	 336.00	 112.00	 0.03%	 3	 520	 112.00	 0.37%	 520	 58","240.00	 875","001.38	 11122	 15	 1","180.00	 78.67	 3.90%	 23	 710	 56","480.00	 79.55	 5.95%	 852	 10169	 86.05	 7.24%	",,,,
"MONTH	Rate Code	IPABC	Abc Global Services	 0	 0.00	 0.00	 0.00%	 0	 1	 179.00	 179.00	 0.01%	 1	 31	 185.45	 0.02%	 31	 5","749.00	 875","001.38	 11122	 15	 1","180.00	 78.67	 3.90%	 23	 710	 56","480.00	 79.55	 5.95%	 852	 10169	 86.05	 7.24%	",,,,
"MONTH	Rate Code	IPNCV		 1	 124.00	 124.00	 0.26%	 2	 11	 1","340.00	 121.82	 0.09%	 13	 238	 109.81	 0.17%	 252	 26","135.00	 875","001.38	 11122	 15	 1","180.00	 78.67	 3.90%	 23	 710	 56","480.00	 79.55	 5.95%	 852	 10169	 86.05	 7.24%	",,,
"MONTH	Rate Code	NA_RATE_CODE	Night Audit Rate Code	 0	 0.00	 0.00	 0.00%	 0	 0	 0.00	 0.00	 0.00%	 0	 0	 0.00	 0.00%	 0	- 62.00	 875","001.38	 11122	 15	 1","180.00	 78.67	 3.90%	 23	 710	 56","480.00	 79.55	 5.95%	 852	 10169	 86.05	 7.24%	",,,,,
"MONTH	Rate Code	No Code		 0	 0.00	 0.00	 0.00%	 0	 0	 0.00	 0.00	 0.00%	 0	 1	 48.00	 0.00%	 1	 48.00	 875","001.38	 11122	 15	 1","180.00	 78.67	 3.90%	 23	 710	 56","480.00	 79.55	 5.95%	 852	 10169	 86.05	 7.24%	",,,,,
"MONTH	Rate Code	Market Code	M	Government	HOUSE	House Account	 0	 0.00	 0.00	 0.00%	 0	 0	 0.00	 0.00	 0.00%	 0	 0	 0.00	 0.00%	 0	- 186.50	",,,,,,,,
"MONTH	Rate Code	Market Code	M	Government	IEEK2	Halfpenny Sales	 0	 0.00	 0.00	 0.00%	 0	 0	 0.00	 0.00	 0.00%	 0	 2	 129.00	 0.00%	 2	 258.00	",,,,,,,,
"MONTH	Rate Code	IMGOV	Government Rate	 10	 1","371.00	 137.10	 2.60%	 17	 232	 25","670.00	 110.65	 1.94%	 320	 3301	 107.85	 2.35%	 5438	 356","011.21	 444","942.21	 6793	 11	 1","477.00	 134.27	 2.86%	 18	 262	 29","102.00	 111.08	 2.20%	 374	 4128	 107.79	 2.94%	",,
"MONTH	Rate Code	IMSTI	State Government	 1	 106.00	 106.00	 0.26%	 1	 30	 3","432.00	 114.40	 0.25%	 54	 821	 107.49	 0.58%	 1345	 88","247.50	 444","942.21	 6793	 11	 1","477.00	 134.27	 2.86%	 18	 262	 29","102.00	 111.08	 2.20%	 374	 4128	 107.79	 2.94%	",,,
"MONTH	Rate Code	No Code		 0	 0.00	 0.00	 0.00%	 0	 0	 0.00	 0.00	 0.00%	 0	 4	 153.00	 0.00%	 8	 612.00	 444","942.21	 6793	 11	 1","477.00	 134.27	 2.86%	 18	 262	 29","102.00	 111.08	 2.20%	 374	 4128	 107.79	 2.94%	",,,,,
"MONTH	Rate Code	Market Code	N	Complimentary	HOUSE	House Account	 0	 0.00	 0.00	 0.00%	 0	 0	 0.00	 0.00	 0.00%	 0	 0	 0.00	 0.00%	 0	- 2","937.00	 2","351.02	 1315	 1	 0.00	 0.00	 0.26%	 3	 54	 357.00	 6.61	 0.45%	 148	 981	 2.40	 0.70%	",,,,,,
"MONTH	Rate Code	Market Code	N	Complimentary	INCMP	Complimentary	 1	 0.00	 0.00	 0.26%	 3	 49	- 129.00	- 2.63	 0.41%	 142	 888	- 0.96	 0.63%	 1158	- 848.98	 2","351.02	 1315	 1	 0.00	 0.00	 0.26%	 3	 54	 357.00	 6.61	 0.45%	 148	 981	 2.40	 0.70%	",,,,,,,
"MONTH	Rate Code	Market Code	N	Complimentary	INIHI	Ihg Owners Assoc	 0	 0.00	 0.00	 0.00%	 0	 1	 0.00	 0.00	 0.01%	 1	 29	 0.00	 0.02%	 51	 0.00	 2","351.02	 1315	 1	 0.00	 0.00	 0.26%	 3	 54	 357.00	 6.61	 0.45%	 148	 981	 2.40	 0.70%	",,,,,,,
"MONTH	Rate Code	Market Code	N	Complimentary	No Code		 0	 0.00	 0.00	 0.00%	 0	 4	 486.00	 121.50	 0.03%	 5	 64	 95.89	 0.05%	 106	 6","137.00	 2","351.02	 1315	 1	 0.00	 0.00	 0.26%	 3	 54	 357.00	 6.61	 0.45%	 148	 981	 2.40	 0.70%	",,,,,,
"MONTH	Rate Code	Market Code	O	Crew	HOUSE	House Account	 0	 0.00	 0.00	 0.00%	 0	 0	 0.00	 0.00	 0.00%	 0	 0	 0.00	 0.00%	 0	 168.00	 308","906.00	 7137	 18	 804.00	 44.67	 4.68%	 18	 628	 26","844.00	 42.75	 5.26%	 628	 7137	 43.28	 5.08%	",,,,,,
"MONTH	Rate Code	Market Code	O	Crew	NA_RATE_CODE	Night Audit Rate Code	 0	 0.00	 0.00	 0.00%	 0	 0	 0.00	 0.00	 0.00%	 0	 0	 0.00	 0.00%	 0	 397.00	 308","906.00	 7137	 18	 804.00	 44.67	 4.68%	 18	 628	 26","844.00	 42.75	 5.26%	 628	 7137	 43.28	 5.08%	",,,,,,
"MONTH	Rate Code	Market Code	O	Crew	No Code		 18	 804.00	 44.67	 4.68%	 18	 628	 26","844.00	 42.75	 5.26%	 628	 7137	 43.20	 5.08%	 7137	 308","341.00	 308","906.00	 7137	 18	 804.00	 44.67	 4.68%	 18	 628	 26","844.00	 42.75	 5.26%	 628	 7137	 43.28	 5.08%	",,,,
"MONTH	Rate Code	Market Code	P	Corporate Key Accounts	ILOKU	H And R Block	 0	 0.00	 0.00	 0.00%	 0	 0	 0.00	 0.00	 0.00%	 0	 1	 65.00	 0.00%	 1	 65.00	",,,,,,,,
"MONTH	Rate Code	Market Code	P	Corporate Key Accounts	IP5A9		 0	 0.00	 0.00	 0.00%	 0	 0	 0.00	 0.00	 0.00%	 0	 2	 154.00	 0.00%	 2	 308.00	",,,,,,,,
"MONTH	Rate Code	Market Code	P	Corporate Key Accounts	IP7B6	Radius Small To Med	 0	 0.00	 0.00	 0.00%	 0	 0	 0.00	 0.00	 0.00%	 0	 16	 177.75	 0.01%	 16	 2","844.00	",,,,,,,
"MONTH	Rate Code	Market Code	P	Corporate Key Accounts	IP7SX		 0	 0.00	 0.00	 0.00%	 0	 0	 0.00	 0.00	 0.00%	 0	 3	 129.00	 0.00%	 5	 387.00	",,,,,,,,
"MONTH	Rate Code	Market Code	P	Corporate Key Accounts	IP9VF	Versaflex Incorporat	 0	 0.00	 0.00	 0.00%	 0	 0	 0.00	 0.00	 0.00%	 0	 28	 126.68	 0.02%	 28	 3","547.00	",,,,,,,
"MONTH	Rate Code	Market Code	P	Corporate Key Accounts	IPAMX	Amex Emea Point Of S	 0	 0.00	 0.00	 0.00%	 0	 14	 3","206.00	 229.00	 0.12%	 14	 21	 214.24	 0.01%	 21	 4","499.00	",,,,,,
"MONTH	Rate Code	Market Code	P	Corporate Key Accounts	IPBCD	Bcd Travel	 0	 0.00	 0.00	 0.00%	 0	 0	 0.00	 0.00	 0.00%	 0	 123	 197.90	 0.09%	 126	 24","342.00	",,,,,,,
"MONTH	Rate Code	Market Code	P	Corporate Key Accounts	IPBSI	Hbaa Booking Service	 0	 0.00	 0.00	 0.00%	 0	 0	 0.00	 0.00	 0.00%	 0	 2	 249.00	 0.00%	 2	 498.00	",,,,,,,,
"MONTH	Rate Code	Market Code	P	Corporate Key Accounts	IPBTA		 0	 0.00	 0.00	 0.00%	 0	 0	 0.00	 0.00	 0.00%	 0	 3	 99.00	 0.00%	 3	 297.00	",,,,,,,,
"MONTH	Rate Code	IPBYR	Bayer Group	 0	 0.00	 0.00	 0.00%	 0	 0	 0.00	 0.00	 0.00%	 0	 22	 135.00	 0.02%	 22	 2","970.00	",,,,,,,
"MONTH	Rate Code	IPCCR	Ccra	 0	 0.00	 0.00	 0.00%	 0	 2	 358.00	 179.00	 0.02%	 2	 26	 209.77	 0.02%	 27	 5","454.00	",,,,,,,
"MONTH	Rate Code	IPCSC		 0	 0.00	 0.00	 0.00%	 0	 0	 0.00	 0.00	 0.00%	 0	 16	 159.68	 0.01%	 16	 2","554.86	",,,,,,,
"MONTH	Rate Code	IPCTS	Hickory Global Partn	 0	 0.00	 0.00	 0.00%	 0	 0	 0.00	 0.00	 0.00%	 0	 13	 204.38	 0.01%	 13	 2","657.00	",,,,,,,
"MONTH	Rate Code	IPCWT	Carlson Wagonlit Tra	 0	 0.00	 0.00	 0.00%	 0	 13	 2","267.00	 174.38	 0.11%	 13	 89	 196.73	 0.06%	 89	 17","509.00	",,,,,,
"MONTH	Rate Code	IPEYC	Ernst And Young	 0	 0.00	 0.00	 0.00%	 0	 0	 0.00	 0.00	 0.00%	 0	 4	 159.20	 0.00%	 4	 636.80	",,,,,,,,
"MONTH	Rate Code	IPFCI	Fcm Travel Solutions	 0	 0.00	 0.00	 0.00%	 0	 1	 179.00	 179.00	 0.01%	 1	 14	 180.43	 0.01%	 14	 2","526.00	",,,,,,,
"MONTH	Rate Code	IPFED	Fedex Corporation	 0	 0.00	 0.00	 0.00%	 0	 0	 0.00	 0.00	 0.00%	 0	 3	 115.00	 0.00%	 5	 345.00	",,,,,,,,
"MONTH	Rate Code	IPFXG	Flex N Gate	 0	 0.00	 0.00	 0.00%	 0	 1	 99.00	 99.00	 0.01%	 1	 112	 98.47	 0.08%	 112	 11","029.00	",,,,,,,
"MONTH	Rate Code	IPGBT	Guild Of Business Tr	 0	 0.00	 0.00	 0.00%	 0	 0	 0.00	 0.00	 0.00%	 0	 2	 189.00	 0.00%	 2	 378.00	",,,,,,,,
"MONTH	Rate Code	IPGEC	General Electric Com	 0	 0.00	 0.00	 0.00%	 0	 0	 0.00	 0.00	 0.00%	 0	 20	 115.10	 0.01%	 76	 2","302.00	",,,,,,,
"MONTH	Rate Code	IPGMC	General Motors Corpo	 0	 0.00	 0.00	 0.00%	 0	 0	 0.00	 0.00	 0.00%	 0	 90	 99.44	 0.06%	 91	 8","950.00	",,,,,,,
"MONTH	Rate Code	IPHEW	Hewlett Packard Comp	 0	 0.00	 0.00	 0.00%	 0	 2	 286.40	 143.20	 0.02%	 2	 3	 153.87	 0.00%	 3	 461.60	",,,,,,,,
"MONTH	Rate Code	IPHHH	Hotel Connections Lt	 0	 0.00	 0.00	 0.00%	 0	 20	 1","980.00	 99.00	 0.17%	 20	 119	 95.91	 0.08%	 121	 11","413.00	",,,,,,
"MONTH	Rate Code	IPIBM	Ibm	 0	 0.00	 0.00	 0.00%	 0	 28	 2","940.00	 105.00	 0.23%	 28	 356	 104.44	 0.25%	 362	 37","180.30	",,,,,,
"MONTH	Rate Code	IPMWV	Mwv Mead Westvaco	 0	 0.00	 0.00	 0.00%	 0	 3	 417.00	 139.00	 0.03%	 3	 4	 139.00	 0.00%	 4	 556.00	",,,,,,,,
"MONTH	Rate Code	IPNRG	Hays Companies Of Wi	 0	 0.00	 0.00	 0.00%	 0	 0	 0.00	 0.00	 0.00%	 0	 46	 122.46	 0.03%	 58	 5","633.00	",,,,,,,
"MONTH	Rate Code	IPP90	Armstrong Teasdale L	 0	 0.00	 0.00	 0.00%	 0	 0	 0.00	 0.00	 0.00%	 0	 3	 149.00	 0.00%	 3	 447.00	",,,,,,,,
"MONTH	Rate Code	IPPFI		 0	 0.00	 0.00	 0.00%	 0	 0	 0.00	 0.00	 0.00%	 0	 9	 142.00	 0.01%	 9	 1","278.00	",,,,,,,
"MONTH	Rate Code	IPPPG	Ppg Industries Incor	 0	 0.00	 0.00	 0.00%	 0	 0	 0.00	 0.00	 0.00%	 0	 31	 129.00	 0.02%	 31	 3","999.00	",,,,,,,
"MONTH	Rate Code	IPRAY		 0	 0.00	 0.00	 0.00%	 0	 0	 0.00	 0.00	 0.00%	 0	 3	 99.00	 0.00%	 3	 297.00	",,,,,,,,
"MONTH	Rate Code	IPSAI		 0	 0.00	 0.00	 0.00%	 0	 2	 198.00	 99.00	 0.02%	 2	 12	 99.00	 0.01%	 16	 1","188.00	",,,,,,,
"MONTH	Rate Code	IPSCH	Intercontinental Hot	 0	 0.00	 0.00	 0.00%	 0	 0	 0.00	 0.00	 0.00%	 0	 6	 145.80	 0.00%	 8	 874.82	",,,,,,,,
"MONTH	Rate Code	IPSGV	Sato Travel	 0	 0.00	 0.00	 0.00%	 0	 4	 424.00	 106.00	 0.03%	 4	 55	 101.29	 0.04%	 55	 5","571.00	",,,,,,,
"MONTH	Rate Code	IPSOE	Jack Cooper Transpor	 0	 0.00	 0.00	 0.00%	 0	 10	 1","210.00	 121.00	 0.08%	 10	 57	 116.54	 0.04%	 68	 6","643.00	",,,,,,
"MONTH	Rate Code	IPSTF	State Farm Insurance	 2	 500.58	 250.29	 0.52%	 4	 10	 1","988.95	 198.90	 0.08%	 20	 87	 153.40	 0.06%	 126	 13","345.69	",,,,,,
"MONTH	Rate Code	IPSWB		 0	 0.00	 0.00	 0.00%	 0	 0	 0.00	 0.00	 0.00%	 0	 56	 135.43	 0.04%	 58	 7","584.00	 311","789.97	 3130	 2	 500.58	 250.29	 0.52%	 4	 165	 19","728.35	 119.57	 1.38%	 192	 2783	 112.03	 1.98%	",,,,,
"MONTH	Rate Code	IPTHR	Thor 24	 0	 0.00	 0.00	 0.00%	 0	 1	 179.00	 179.00	 0.01%	 1	 46	 202.96	 0.03%	 60	 9","336.00	 311","789.97	 3130	 2	 500.58	 250.29	 0.52%	 4	 165	 19","728.35	 119.57	 1.38%	 192	 2783	 112.03	 1.98%	",,,,,
"MONTH	Rate Code	IPTSA	Travel Savers	 0	 0.00	 0.00	 0.00%	 0	 0	 0.00	 0.00	 0.00%	 0	 32	 196.81	 0.02%	 35	 6","298.00	 311","789.97	 3130	 2	 500.58	 250.29	 0.52%	 4	 165	 19","728.35	 119.57	 1.38%	 192	 2783	 112.03	 1.98%	",,,,,
"MONTH	Rate Code	IPTT1	Travel Leaders Group	 0	 0.00	 0.00	 0.00%	 0	 0	 0.00	 0.00	 0.00%	 0	 29	 191.36	 0.02%	 29	 5","549.40	 311","789.97	 3130	 2	 500.58	 250.29	 0.52%	 4	 165	 19","728.35	 119.57	 1.38%	 192	 2783	 112.03	 1.98%	",,,,,
"MONTH	Rate Code	IPUPS	United Parcel Servic	 0	 0.00	 0.00	 0.00%	 0	 54	 3","996.00	 74.00	 0.45%	 71	 1162	 76.66	 0.83%	 1349	 89","083.50	 311","789.97	 3130	 2	 500.58	 250.29	 0.52%	 4	 165	 19","728.35	 119.57	 1.38%	 192	 2783	 112.03	 1.98%	",,,,
"MONTH	Rate Code	IPWTT	Radius Travel	 0	 0.00	 0.00	 0.00%	 0	 0	 0.00	 0.00	 0.00%	 0	 48	 211.02	 0.03%	 48	 10","129.00	 311","789.97	 3130	 2	 500.58	 250.29	 0.52%	 4	 165	 19","728.35	 119.57	 1.38%	 192	 2783	 112.03	 1.98%	",,,,,
"MONTH	Rate Code	IPZAO	Wsca Lodging	 0	 0.00	 0.00	 0.00%	 0	 0	 0.00	 0.00	 0.00%	 0	 7	 99.00	 0.00%	 7	 693.00	 311","789.97	 3130	 2	 500.58	 250.29	 0.52%	 4	 165	 19","728.35	 119.57	 1.38%	 192	 2783	 112.03	 1.98%	",,,,,,
"MONTH	Rate Code	IVANI	Reward Nights	 0	 0.00	 0.00	 0.00%	 0	 0	 0.00	 0.00	 0.00%	 0	 1	 25.00	 0.00%	 1	 25.00	 311","789.97	 3130	 2	 500.58	 250.29	 0.52%	 4	 165	 19","728.35	 119.57	 1.38%	 192	 2783	 112.03	 1.98%	",,,,,,
"MONTH	Rate Code	NA_RATE_CODE	Night Audit Rate Code	 0	 0.00	 0.00	 0.00%	 0	 0	 0.00	 0.00	 0.00%	 0	 0	 0.00	 0.00%	 0	 59.00	 311","789.97	 3130	 2	 500.58	 250.29	 0.52%	 4	 165	 19","728.35	 119.57	 1.38%	 192	 2783	 112.03	 1.98%	",,,,,,
"MONTH	Rate Code	No Code		 0	 0.00	 0.00	 0.00%	 0	 0	 0.00	 0.00	 0.00%	 0	 1	 47.00	 0.00%	 1	 47.00	 311","789.97	 3130	 2	 500.58	 250.29	 0.52%	 4	 165	 19","728.35	 119.57	 1.38%	 192	 2783	 112.03	 1.98%	",,,,,,
"MONTH	Rate Code	Market Code	Q	Government Group	HOUSE	House Account	 0	 0.00	 0.00	 0.00%	 0	 0	 106.00	 0.00	 0.00%	 0	 0	 0.00	 0.00%	 0	 1","061.28	 33","684.00	 450	 0	 0.00	 0.00	 0.00%	 0	 36	 3","922.00	 108.94	 0.30%	 97	 325	 103.64	 0.23%	",,,,,
"MONTH	Rate Code	Market Code	Q	Government Group	IKPCM	1000 Bonus Points Nt	 0	 0.00	 0.00	 0.00%	 0	 0	 0.00	 0.00	 0.00%	 0	 0	 0.00	 0.00%	 0	- 99.00	 33","684.00	 450	 0	 0.00	 0.00	 0.00%	 0	 36	 3","922.00	 108.94	 0.30%	 97	 325	 103.64	 0.23%	",,,,,,
"MONTH	Rate Code	Market Code	Q	Government Group	No Code		 0	 0.00	 0.00	 0.00%	 0	 36	 3","816.00	 106.00	 0.30%	 97	 325	 100.68	 0.23%	 450	 32","721.72	 33","684.00	 450	 0	 0.00	 0.00	 0.00%	 0	 36	 3","922.00	 108.94	 0.30%	 97	 325	 103.64	 0.23%	",,,,
"MONTH	Rate Code	Market Code	R	Rack	HOUSE	House Account	 0	 0.00	 0.00	 0.00%	 0	 0	 0.00	 0.00	 0.00%	 0	 0	 0.00	 0.00%	 0	 45.43	",,,,,,,,
"MONTH	Rate Code	Market Code	R	Rack	IDAAA	Aaa Membership Rate	 0	 0.00	 0.00	 0.00%	 0	 0	 0.00	 0.00	 0.00%	 0	 2	 341.50	 0.00%	 12	 683.00	",,,,,,,,
"MONTH	Rate Code	Market Code	R	Rack	IDL15	Tpi 15p Med Fence	 0	 0.00	 0.00	 0.00%	 0	 0	 0.00	 0.00	 0.00%	 0	 1	 185.30	 0.00%	 2	 185.30	",,,,,,,,
"MONTH	Rate Code	Market Code	R	Rack	IGBBB	Best Flex With Bkfst	 0	 0.00	 0.00	 0.00%	 0	 1	 139.00	 139.00	 0.01%	 1	 1	 139.00	 0.00%	 1	 139.00	",,,,,,,,
"MONTH	Rate Code	Market Code	R	Rack	IGCOR	Best Flexible Rate	 26	 6","843.00	 263.19	 6.75%	 47	 187	 37","229.00	 199.09	 1.57%	 319	 3336	 193.46	 2.37%	 5198	 645","375.94	",,,,,
"MONTH	Rate Code	Market Code	R	Rack	IMGOV	Government Rate	 0	 0.00	 0.00	 0.00%	 0	 0	 0.00	 0.00	 0.00%	 0	 1	 99.00	 0.00%	 4	 99.00	",,,,,,,,
"MONTH	Rate Code	Market Code	R	Rack	IMSTI	State Government	 0	 0.00	 0.00	 0.00%	 0	 0	 0.00	 0.00	 0.00%	 0	 1	 119.00	 0.00%	 2	 119.00	",,,,,,,,
"MONTH	Rate Code	Market Code	R	Rack	IVANI	Reward Nights	 0	 0.00	 0.00	 0.00%	 0	 0	 0.00	 0.00	 0.00%	 0	 1	 25.00	 0.00%	 1	 25.00	",,,,,,,,
"MONTH	Rate Code	Market Code	R	Rack	IVEDI	Employee Rate	 0	 0.00	 0.00	 0.00%	 0	 0	 0.00	 0.00	 0.00%	 0	 2	 49.00	 0.00%	 2	 98.00	",,,,,,,,
"MONTH	Rate Code	IVFF1	Friend Family 15	 0	 0.00	 0.00	 0.00%	 0	 0	 0.00	 0.00	 0.00%	 0	 1	 79.00	 0.00%	 1	 79.00	 647","131.19	 5226	 26	 6","843.00	 263.19	 6.75%	 47	 188	 37","368.00	 198.77	 1.58%	 320	 3349	 193.23	 2.38%	",,,,,
"MONTH	Rate Code	NA_RATE_CODE	Night Audit Rate Code	 0	 0.00	 0.00	 0.00%	 0	 0	 0.00	 0.00	 0.00%	 0	 0	 0.00	 0.00%	 0	- 99.00	 647","131.19	 5226	 26	 6","843.00	 263.19	 6.75%	 47	 188	 37","368.00	 198.77	 1.58%	 320	 3349	 193.23	 2.38%	",,,,,
"MONTH	Rate Code	No Code		 0	 0.00	 0.00	 0.00%	 0	 0	 0.00	 0.00	 0.00%	 0	 3	 127.17	 0.00%	 3	 381.52	 647","131.19	 5226	 26	 6","843.00	 263.19	 6.75%	 47	 188	 37","368.00	 198.77	 1.58%	 320	 3349	 193.23	 2.38%	",,,,,
"MONTH	Rate Code	Market Code	RE	Religious	No Code		 0	 0.00	 0.00	 0.00%	 0	 0	 0.00	 0.00	 0.00%	 0	 44	 54.50	 0.03%	 65	 2","398.00	 2","398.00	 65	 0	 0.00	 0.00	 0.00%	 0	 0	 0.00	 0.00	 0.00%	 0	 44	 54.50	 0.03%	",,,,,,
"MONTH	Rate Code	Market Code	SO	Social Group	No Code		 0	 0.00	 0.00	 0.00%	 0	 0	 0.00	 0.00	 0.00%	 0	 41	 143.15	 0.03%	 77	 5","869.00	 5","869.00	 77	 0	 0.00	 0.00	 0.00%	 0	 0	 0.00	 0.00	 0.00%	 0	 41	 143.15	 0.03%	",,,,,,
"MONTH	Rate Code	Market Code	SP	Sports Group	HOUSE	House Account	 0	 0.00	 0.00	 0.00%	 0	 0	 0.00	 0.00	 0.00%	 0	 0	 0.00	 0.00%	 0	- 5","014.50	 446","865.51	 6644	 0	 0.00	 0.00	 0.00%	 0	 313	 39","717.00	 126.89	 2.62%	 739	 3713	 120.35	 2.64%	",,,,,
"MONTH	Rate Code	Market Code	SP	Sports Group	IGCOR	Best Flexible Rate	 0	 0.00	 0.00	 0.00%	 0	 0	 0.00	 0.00	 0.00%	 0	 6	 129.00	 0.00%	 6	 774.00	 446","865.51	 6644	 0	 0.00	 0.00	 0.00%	 0	 313	 39","717.00	 126.89	 2.62%	 739	 3713	 120.35	 2.64%	",,,,,,
"MONTH	Rate Code	Market Code	SP	Sports Group	IMGOV	Government Rate	 0	 0.00	 0.00	 0.00%	 0	 0	 0.00	 0.00	 0.00%	 0	 1	 99.00	 0.00%	 1	 99.00	 446","865.51	 6644	 0	 0.00	 0.00	 0.00%	 0	 313	 39","717.00	 126.89	 2.62%	 739	 3713	 120.35	 2.64%	",,,,,,
"MONTH	Rate Code	Market Code	SP	Sports Group	INCMP	Complimentary	 0	 0.00	 0.00	 0.00%	 0	 0	 0.00	 0.00	 0.00%	 0	 1	 0.01	 0.00%	 1	 0.01	 446","865.51	 6644	 0	 0.00	 0.00	 0.00%	 0	 313	 39","717.00	 126.89	 2.62%	 739	 3713	 120.35	 2.64%	",,,,,,
"MONTH	Rate Code	Market Code	SP	Sports Group	No Code		 0	 0.00	 0.00	 0.00%	 0	 313	 39","717.00	 126.89	 2.62%	 739	 3705	 121.73	 2.64%	 6636	 451","007.00	 446","865.51	 6644	 0	 0.00	 0.00	 0.00%	 0	 313	 39","717.00	 126.89	 2.62%	 739	 3713	 120.35	 2.64%	",,,,
"MONTH	Rate Code	Market Code	T	Group Tour	IBGP1	Easy Group	 0	 0.00	 0.00	 0.00%	 0	 0	 0.00	 0.00	 0.00%	 0	 2	 119.00	 0.00%	 2	 238.00	 23","646.50	 307	 0	 0.00	 0.00	 0.00%	 0	 26	 2","919.50	 112.29	 0.22%	 42	 218	 108.47	 0.16%	",,,,,,
"MONTH	Rate Code	Market Code	T	Group Tour	IGCOR	Best Flexible Rate	 0	 0.00	 0.00	 0.00%	 0	 1	 84.50	 84.50	 0.01%	 1	 1	 84.50	 0.00%	 1	 84.50	 23","646.50	 307	 0	 0.00	 0.00	 0.00%	 0	 26	 2","919.50	 112.29	 0.22%	 42	 218	 108.47	 0.16%	",,,,,,
"MONTH	Rate Code	Market Code	T	Group Tour	No Code		 0	 0.00	 0.00	 0.00%	 0	 25	 2","835.00	 113.40	 0.21%	 41	 215	 108.48	 0.15%	 304	 23","324.00	 23","646.50	 307	 0	 0.00	 0.00	 0.00%	 0	 26	 2","919.50	 112.29	 0.22%	 42	 218	 108.47	 0.16%	",,,,
"MONTH	Rate Code	Market Code	U	SMERF Group	HOUSE	House Account	 0	 0.00	 0.00	 0.00%	 0	 0	 0.00	 0.00	 0.00%	 0	 0	 0.00	 0.00%	 0	- 3","310.51	",,,,,,,
"MONTH	Rate Code	Market Code	U	SMERF Group	IDA0G	Tpi 00p Alt Gst Cc	 0	 0.00	 0.00	 0.00%	 0	 0	 0.00	 0.00	 0.00%	 0	 2	 119.00	 0.00%	 4	 238.00	",,,,,,,,
"MONTH	Rate Code	IGCOR	Best Flexible Rate	 0	 0.00	 0.00	 0.00%	 0	 0	 0.00	 0.00	 0.00%	 0	 11	 142.09	 0.01%	 32	 1","563.00	 669","483.85	 11641	 0	 0.00	 0.00	 0.00%	 0	 70	 8","510.00	 121.57	 0.59%	 133	 5631	 118.89	 4.01%	",,,,,
"MONTH	Rate Code	INCMP	Complimentary	 0	 0.00	 0.00	 0.00%	 0	 0	 0.00	 0.00	 0.00%	 0	 3	 0.00	 0.00%	 6	 0.00	 669","483.85	 11641	 0	 0.00	 0.00	 0.00%	 0	 70	 8","510.00	 121.57	 0.59%	 133	 5631	 118.89	 4.01%	",,,,,,
"MONTH	Rate Code	IPFED	Fedex Corporation	 0	 0.00	 0.00	 0.00%	 0	 0	 0.00	 0.00	 0.00%	 0	 2	 59.50	 0.00%	 4	 119.00	 669","483.85	 11641	 0	 0.00	 0.00	 0.00%	 0	 70	 8","510.00	 121.57	 0.59%	 133	 5631	 118.89	 4.01%	",,,,,,
"MONTH	Rate Code	No Code		 0	 0.00	 0.00	 0.00%	 0	 70	 8","510.00	 121.57	 0.59%	 133	 5613	 119.52	 3.99%	 11595	 670","874.36	 669","483.85	 11641	 0	 0.00	 0.00	 0.00%	 0	 70	 8","510.00	 121.57	 0.59%	 133	 5631	 118.89	 4.01%	",,,,
"MONTH	Rate Code	Market Code	V	Industry Program	HOUSE	House Account	 0	 0.00	 0.00	 0.00%	 0	 0	 0.00	 0.00	 0.00%	 0	 0	 0.00	 0.00%	 0	- 86.19	 110","499.48	 3135	 26	 3","399.00	 130.73	 6.75%	 44	 103	 7","048.77	 68.43	 0.86%	 171	 1726	 64.02	 1.23%	",,,,,
"MONTH	Rate Code	Market Code	V	Industry Program	IDAVT	Special Offer	 0	 0.00	 0.00	 0.00%	 0	 0	 0.00	 0.00	 0.00%	 0	 2	 178.00	 0.00%	 2	 356.00	 110","499.48	 3135	 26	 3","399.00	 130.73	 6.75%	 44	 103	 7","048.77	 68.43	 0.86%	 171	 1726	 64.02	 1.23%	",,,,,
"MONTH	Rate Code	Market Code	V	Industry Program	ILOKU	H And R Block	 0	 0.00	 0.00	 0.00%	 0	 0	 0.00	 0.00	 0.00%	 0	 3	 64.00	 0.00%	 3	 192.00	 110","499.48	 3135	 26	 3","399.00	 130.73	 6.75%	 44	 103	 7","048.77	 68.43	 0.86%	 171	 1726	 64.02	 1.23%	",,,,,
"MONTH	Rate Code	Market Code	V	Industry Program	IVALP	Airline Staff Rate	 0	 0.00	 0.00	 0.00%	 0	 0	 0.00	 0.00	 0.00%	 0	 12	 147.59	 0.01%	 15	 1","771.11	 110","499.48	 3135	 26	 3","399.00	 130.73	 6.75%	 44	 103	 7","048.77	 68.43	 0.86%	 171	 1726	 64.02	 1.23%	",,,,
"MONTH	Rate Code	Market Code	V	Industry Program	IVANI	Reward Nights	 23	 2","990.00	 130.00	 5.97%	 37	 63	 3","999.50	 63.48	 0.53%	 110	 805	 62.15	 0.57%	 1522	 50","030.26	 110","499.48	 3135	 26	 3","399.00	 130.73	 6.75%	 44	 103	 7","048.77	 68.43	 0.86%	 171	 1726	 64.02	 1.23%	",,
"MONTH	Rate Code	Market Code	V	Industry Program	IVCFN	Chase Free Night	 2	 260.00	 130.00	 0.52%	 6	 5	 335.00	 67.00	 0.04%	 11	 56	 76.78	 0.04%	 116	 4","299.55	 110","499.48	 3135	 26	 3","399.00	 130.73	 6.75%	 44	 103	 7","048.77	 68.43	 0.86%	 171	 1726	 64.02	 1.23%	",,,,
"MONTH	Rate Code	Market Code	V	Industry Program	IVEDI	Employee Rate	 0	 0.00	 0.00	 0.00%	 0	 15	 735.00	 49.00	 0.13%	 30	 594	 49.69	 0.42%	 1065	 29","516.25	 110","499.48	 3135	 26	 3","399.00	 130.73	 6.75%	 44	 103	 7","048.77	 68.43	 0.86%	 171	 1726	 64.02	 1.23%	",,,,
"MONTH	Rate Code	Market Code	V	Industry Program	IVFF1	Friend Family 15	 0	 0.00	 0.00	 0.00%	 0	 6	 666.85	 111.14	 0.05%	 6	 164	 106.42	 0.12%	 266	 17","453.40	 110","499.48	 3135	 26	 3","399.00	 130.73	 6.75%	 44	 103	 7","048.77	 68.43	 0.86%	 171	 1726	 64.02	 1.23%	",,,,
"MONTH	Rate Code	Market Code	V	Industry Program	IVFFB	Friend Family Bfr 15	 1	 149.00	 149.00	 0.26%	 1	 12	 1","198.00	 99.83	 0.10%	 12	 34	 98.69	 0.02%	 36	 3","355.60	 110","499.48	 3135	 26	 3","399.00	 130.73	 6.75%	 44	 103	 7","048.77	 68.43	 0.86%	 171	 1726	 64.02	 1.23%	",,,
"MONTH	Rate Code	Market Code	V	Industry Program	IVTCD	Tvl Consultant  Disc	 0	 0.00	 0.00	 0.00%	 0	 2	 140.65	 70.33	 0.02%	 2	 55	 126.55	 0.04%	 109	 6","960.41	 110","499.48	 3135	 26	 3","399.00	 130.73	 6.75%	 44	 103	 7","048.77	 68.43	 0.86%	 171	 1726	 64.02	 1.23%	",,,,
"MONTH	Rate Code	Market Code	V	Industry Program	NA_RATE_CODE	Night Audit Rate Code	 0	 0.00	 0.00	 0.00%	 0	 0	- 26.23	 0.00	 0.00%	 0	 0	 0.00	 0.00%	 0	- 3","497.91	 110","499.48	 3135	 26	 3","399.00	 130.73	 6.75%	 44	 103	 7","048.77	 68.43	 0.86%	 171	 1726	 64.02	 1.23%	",,,,
"MONTH	Rate Code	Market Code	V	Industry Program	No Code		 0	 0.00	 0.00	 0.00%	 0	 0	 0.00	 0.00	 0.00%	 0	 1	 149.00	 0.00%	 1	 149.00	 110","499.48	 3135	 26	 3","399.00	 130.73	 6.75%	 44	 103	 7","048.77	 68.43	 0.86%	 171	 1726	 64.02	 1.23%	",,,,,
"MONTH	Rate Code	Market Code	W	Wholesale	IDARP	Senior Discount	 0	 0.00	 0.00	 0.00%	 0	 0	 0.00	 0.00	 0.00%	 0	 1	 180.00	 0.00%	 1	 180.00	 4","864.73	 70	 0	 0.00	 0.00	 0.00%	 0	 3	 419.00	 139.67	 0.03%	 6	 38	 128.02	 0.03%	",,,,,,,
"MONTH	Rate Code	Market Code	W	Wholesale	IWB25	Tpi 25p Bkfst Wh	 0	 0.00	 0.00	 0.00%	 0	 0	 0.00	 0.00	 0.00%	 0	 5	 148.75	 0.00%	 10	 743.73	 4","864.73	 70	 0	 0.00	 0.00	 0.00%	 0	 3	 419.00	 139.67	 0.03%	 6	 38	 128.02	 0.03%	",,,,,,,
"MONTH	Rate Code	Market Code	W	Wholesale	IWH25	Tpi 25p Hvy Fence Wh	 0	 0.00	 0.00	 0.00%	 0	 3	 419.00	 139.67	 0.03%	 6	 26	 118.29	 0.02%	 47	 3","075.50	 4","864.73	 70	 0	 0.00	 0.00	 0.00%	 0	 3	 419.00	 139.67	 0.03%	 6	 38	 128.02	 0.03%	",,,,,,
"MONTH	Rate Code	Market Code	W	Wholesale	IWU25	Tpi 25p Low Fence Wh	 0	 0.00	 0.00	 0.00%	 0	 0	 0.00	 0.00	 0.00%	 0	 6	 144.25	 0.00%	 12	 865.50	 4","864.73	 70	 0	 0.00	 0.00	 0.00%	 0	 3	 419.00	 139.67	 0.03%	 6	 38	 128.02	 0.03%	",,,,,,,
"MONTH	Rate Code	Market Code	X	Internet Bookings	HOUSE	House Account	 0	 0.00	 0.00	 0.00%	 0	 0	 0.00	 0.00	 0.00%	 0	 0	 0.00	 0.00%	 0	 31.20	 390","698.58	 5984	 2	 336.60	 168.30	 0.52%	 3	 103	 13","646.86	 132.49	 0.86%	 205	 2959	 132.04	 2.11%	 379	 50","700.84	 133.78	 98.44%	 832	 4678	 497","022.20	 106.25	 39.20%	 8633	 79664	 9",240,"921.45	 116.00	 56.69%	 123863	",,
"MONTH	Rate Code	Market Code	X	Internet Bookings	IDH15	Tpi 15p Hvy Fence	 2	 336.60	 168.30	 0.52%	 3	 66	 8","777.90	 133.00	 0.55%	 126	 2253	 127.91	 1.60%	 4566	 288","171.69	 390","698.58	 5984	 2	 336.60	 168.30	 0.52%	 3	 103	 13","646.86	 132.49	 0.86%	 205	 2959	 132.04	 2.11%	 379	 50","700.84	 133.78	 98.44%	 832	 4678	 497","022.20	 106.25	 39.20%	 8633	 79664	 9",240,"921.45	 116.00	 56.69%	 123863	"
"MONTH	Rate Code	Market Code	X	Internet Bookings	IDL15	Tpi 15p Med Fence	 0	 0.00	 0.00	 0.00%	 0	 37	 4","868.96	 131.59	 0.31%	 79	 706	 145.18	 0.50%	 1418	 102","495.69	 390","698.58	 5984	 2	 336.60	 168.30	 0.52%	 3	 103	 13","646.86	 132.49	 0.86%	 205	 2959	 132.04	 2.11%	 379	 50","700.84	 133.78	 98.44%	 832	 4678	 497","022.20	 106.25	 39.20%	 8633	 79664	 9",240,"921.45	 116.00	 56.69%	 123863	"
"MONTH	Rate Code	Market Code	Y	Long-Term	No Code		 0	 0.00	 0.00	 0.00%	 0	 0	 0.00	 0.00	 0.00%	 0	 14	 136.14	 0.01%	 31	 1","906.00	 1","906.00	 31	 0	 0.00	 0.00	 0.00%	 0	 0	 0.00	 0.00	 0.00%	 0	 14	 136.14	 0.01%	 379	 50","700.84	 133.78	 98.44%	 832	 4678	 497","022.20	 106.25	 39.20%	 8633	 79664	 9",240,"921.45	 116.00	 56.69%	 123863	",,
"MONTH	Rate Code	Market Code	ZZ	Comp-No BD Fee	HOUSE	House Account	 0	 0.00	 0.00	 0.00%	 0	 0	 0.00	 0.00	 0.00%	 0	 1	- 109.00	 0.00%	 2	- 109.00	- 109.00	 215	 2	 0.00	 0.00	 0.52%	 2	 22	 0.00	 0.00	 0.18%	 22	 201	- 0.54	 0.14%	 379	 50","700.84	 133.78	 98.44%	 832	 4678	 497","022.20	 106.25	 39.20%	 8633	 79664	 9",240,"921.45	 116.00	 56.69%	 123863	",,,,
"MONTH	Rate Code	Market Code	ZZ	Comp-No BD Fee	INCMP	Complimentary	 2	 0.00	 0.00	 0.52%	 2	 22	 0.00	 0.00	 0.18%	 22	 196	 0.00	 0.14%	 205	 0.00	- 109.00	 215	 2	 0.00	 0.00	 0.52%	 2	 22	 0.00	 0.00	 0.18%	 22	 201	- 0.54	 0.14%	 379	 50","700.84	 133.78	 98.44%	 832	 4678	 497","022.20	 106.25	 39.20%	 8633	 79664	 9",240,"921.45	 116.00	 56.69%	 123863	",,,,
"MONTH	Rate Code	Market Code	ZZ	Comp-No BD Fee	No Code		 0	 0.00	 0.00	 0.00%	 0	 0	 0.00	 0.00	 0.00%	 0	 4	 0.00	 0.00%	 8	 0.00	- 109.00	 215	 2	 0.00	 0.00	 0.52%	 2	 22	 0.00	 0.00	 0.18%	 22	 201	- 0.54	 0.14%	 379	 50","700.84	 133.78	 98.44%	 832	 4678	 497","022.20	 106.25	 39.20%	 8633	 79664	 9",240,"921.45	 116.00	 56.69%	 123863	",,,,
